{"dot1": [79.30699920654297, -19.81100082397461, 57.49399948120117], "dot2": [25.364999771118164, 215.53799438476562, 44.013999938964844]}