{"dot1": [43.04199981689453, 18.172000885009766, -13.618000030517578], "dot2": [25.934999465942383, 36.492000579833984, 55.65800094604492]}