{"dot1": [43.04199981689453, 18.172000885009766, -13.618000030517578], "dot2": [30.39299964904785, 38.7760009765625, 83.73100280761719]}